,해구번호,유의파고(m),파향(deg),최대파주기(sec),풍속(m/s),풍향(deg)
0,1,0.0,188,4.4,1.9,225
1,2,0.1,171,7.1,1.9,140
2,3,0.1,175,7.2,0.4,107
3,4,0.1,177,7.4,0.6,256
4,5,0.0,167,7.5,0.8,239
5,6,0.2,161,6.5,2.0,126
6,7,0.2,165,6.6,1.4,142
7,8,0.1,164,6.6,0.8,121
8,9,0.1,153,6.9,0.5,88
9,10,0.1,106,7.3,0.7,92
10,11,0.2,155,6.2,2.3,134
11,12,0.2,157,6.1,0.9,155
12,13,0.2,154,6.2,0.9,59
13,14,0.2,131,6.5,1.6,64
14,15,0.2,79,6.5,2.2,78
15,16,0.4,145,5.9,1.8,188
16,17,0.4,148,5.9,1.5,192
17,18,0.3,149,6.0,0.5,216
18,19,0.3,145,6.4,1.3,60
19,20,0.3,133,6.8,2.5,68
20,21,0.3,98,6.9,3.3,76
21,22,0.5,135,6.1,0.4,99
22,23,0.5,138,6.0,0.7,180
23,24,0.4,139,6.0,0.8,161
24,25,0.4,140,6.1,0.6,47
25,26,0.4,140,6.3,2.0,50
26,27,0.4,134,6.4,2.9,59
27,28,0.5,112,6.9,3.1,64
28,29,0.6,123,6.3,1.0,40
29,30,0.6,125,6.2,0.7,74
30,31,0.6,127,6.1,1.0,99
31,32,0.5,129,5.9,1.4,101
32,33,0.5,131,6.0,1.3,91
33,34,0.5,133,6.1,1.7,52
34,35,0.5,134,6.2,2.7,45
35,36,0.6,128,6.5,2.9,41
36,37,0.6,123,7.7,2.8,50
37,38,0.5,112,6.3,1.6,69
38,39,0.6,116,6.3,1.4,105
39,40,0.6,119,6.2,1.6,105
40,41,0.6,123,6.1,2.1,85
41,42,0.6,127,6.3,2.4,69
42,43,0.6,129,6.2,2.6,51
43,44,0.7,129,6.1,3.0,46
44,45,0.7,130,6.1,3.4,42
45,46,0.7,134,6.5,3.3,45
46,47,0.6,108,6.3,1.8,125
47,48,0.7,111,6.2,1.7,131
48,49,0.7,117,6.3,1.4,78
49,50,0.7,123,6.3,3.1,60
50,51,0.7,125,6.1,3.4,51
51,52,0.7,124,6.0,3.7,49
52,53,0.8,128,6.0,3.7,49
53,54,0.8,135,5.9,3.7,40
54,55,0.7,100,6.3,0.4,61
55,56,0.7,106,6.3,1.4,13
56,57,0.8,112,6.2,3.2,58
57,58,0.8,116,6.1,3.7,55
58,59,0.8,116,6.1,4.2,49
59,60,0.8,117,5.9,4.1,47
60,61,0.9,125,5.9,3.7,48
61,62,0.7,90,6.3,1.5,15
62,63,0.8,91,6.2,2.4,29
63,64,0.8,97,6.2,3.6,45
64,65,0.8,102,6.1,4.1,45
65,66,0.8,103,6.1,4.4,47
66,67,0.9,104,6.0,4.5,50
67,68,1.0,107,5.9,4.4,44
68,69,0.9,82,6.4,3.8,23
69,70,1.0,85,6.3,4.4,41
70,71,1.0,89,6.3,4.6,43
71,72,1.0,93,6.2,5.1,43
72,73,1.1,85,6.1,5.6,37
73,74,1.1,81,6.0,5.7,37
74,75,-999.0,-999,-999.0,-999.0,-999
75,76,1.1,71,6.5,5.9,38
76,77,1.2,72,6.3,6.1,36
77,78,1.2,71,6.2,6.5,38
78,79,1.3,67,6.2,6.7,39
79,80,1.3,64,6.2,6.7,41
80,81,1.1,65,6.8,6.5,35
81,82,1.3,61,6.7,7.0,38
82,83,1.4,60,6.4,7.3,37
83,84,1.4,57,6.3,7.4,38
84,85,1.4,55,6.3,7.3,42
85,86,1.5,51,6.3,7.5,42
86,87,1.5,54,6.8,7.5,36
87,88,1.6,50,6.5,8.2,39
88,89,1.6,48,6.4,8.3,43
89,90,1.6,45,6.3,8.0,44
90,91,1.5,39,6.2,7.9,43
91,92,1.4,56,7.0,8.6,37
92,93,1.6,46,6.8,8.0,39
93,94,1.7,43,6.8,8.0,44
94,95,1.7,40,6.7,8.5,45
95,96,1.6,35,6.5,8.4,43
96,97,0.4,94,3.7,6.7,53
97,98,0.6,101,4.4,7.0,42
98,99,1.1,62,5.6,8.4,40
99,100,1.5,39,7.1,8.0,42
100,101,1.6,38,7.1,7.7,40
101,102,1.6,32,6.9,8.0,44
102,103,1.6,26,6.8,8.3,41
103,104,1.1,74,4.9,8.3,53
104,105,1.3,58,5.2,8.4,41
105,106,1.4,27,6.7,7.3,35
106,107,1.1,315,6.4,6.7,34
107,108,1.5,19,7.5,6.9,34
108,109,1.5,12,7.3,6.7,33
109,110,0.9,111,5.3,3.3,355
110,111,1.2,7,5.6,4.0,38
111,112,1.2,307,5.8,5.0,31
112,113,0.8,231,5.3,4.8,340
113,114,1.0,254,5.6,4.1,319
114,115,0.9,240,5.3,3.5,349
115,116,0.3,156,5.9,4.9,128
116,117,0.4,167,6.1,5.0,129
117,118,0.3,184,6.1,5.0,125
118,119,0.3,156,5.9,4.3,113
119,120,0.5,148,5.9,5.8,120
120,121,0.6,148,6.0,5.9,120
121,122,0.5,183,6.0,5.3,122
122,123,0.3,195,6.0,4.9,128
123,124,0.1,216,6.0,4.0,129
124,125,0.3,145,5.9,2.3,110
125,126,0.4,159,5.9,3.6,93
126,127,0.5,163,5.8,4.7,114
127,128,0.5,165,5.9,5.3,119
128,129,0.5,172,5.9,5.1,124
129,130,0.3,198,5.8,4.1,124
130,131,0.2,94,3.8,0.7,125
131,132,0.3,122,5.1,1.6,86
132,133,0.4,153,5.8,2.8,79
133,134,0.5,164,5.8,3.1,120
134,135,0.5,173,5.8,4.9,134
135,136,0.5,177,5.8,5.8,130
136,137,0.3,197,5.8,5.0,129
137,138,0.2,67,3.9,2.1,336
138,139,0.2,79,3.9,1.5,330
139,140,0.4,141,5.5,1.4,46
140,141,0.5,161,5.7,3.5,109
141,142,0.5,167,5.7,5.0,111
142,143,0.6,163,5.7,5.5,112
143,144,0.6,151,5.6,6.5,113
144,145,0.6,149,5.7,6.9,102
145,146,0.5,118,4.1,6.5,92
146,147,0.4,141,5.5,2.6,8
147,148,0.5,156,5.7,3.5,82
148,149,0.5,162,5.6,4.3,89
149,150,0.6,151,5.6,5.3,103
150,151,0.7,133,5.6,6.6,106
151,152,0.8,123,4.5,7.3,103
152,153,0.7,104,3.9,7.3,97
153,154,0.2,279,4.3,6.9,95
154,155,0.4,151,5.6,1.7,357
155,156,0.5,151,5.6,1.7,342
156,157,0.5,143,5.6,3.0,351
157,158,0.6,146,5.6,3.0,29
158,159,0.6,155,5.6,3.6,67
159,160,0.6,159,5.6,4.8,81
160,161,0.7,131,5.4,5.6,91
161,162,0.7,121,4.6,5.7,101
162,163,0.6,145,5.1,5.4,111
163,164,0.2,222,5.3,4.8,115
164,165,0.5,132,5.4,2.8,13
165,166,0.6,131,5.4,3.1,359
166,167,0.6,131,5.4,3.9,349
167,168,0.6,132,5.3,3.8,3
168,169,0.6,140,5.3,2.9,25
169,170,0.6,161,5.4,2.9,45
170,171,0.6,183,5.4,2.2,84
171,172,0.6,209,5.4,2.6,128
172,173,0.5,228,5.4,3.9,129
173,174,0.3,230,5.3,4.0,134
174,175,0.6,109,5.1,3.2,11
175,176,0.6,113,5.2,3.6,1
176,177,0.6,116,5.2,3.4,0
177,178,0.6,118,5.2,3.4,3
178,179,0.6,125,5.2,2.6,12
179,180,0.6,171,5.2,1.1,0
180,181,0.6,233,5.2,1.7,212
181,182,0.6,247,5.2,3.7,200
182,183,0.5,248,5.2,3.7,197
183,184,0.3,261,4.8,3.5,183
184,185,0.6,87,5.1,2.9,18
185,186,0.6,92,5.0,2.4,13
186,187,0.6,93,5.0,1.4,22
187,188,0.7,92,5.0,0.9,14
188,189,0.7,87,5.0,0.6,224
189,190,0.7,286,5.0,2.0,200
190,191,0.7,271,5.0,2.9,187
191,192,0.6,277,5.0,3.2,194
192,193,0.5,290,4.8,2.8,196
193,194,0.2,304,4.2,2.0,180
194,195,0.7,69,5.3,3.7,52
195,196,0.7,71,5.2,3.6,57
196,197,0.7,69,5.1,3.3,48
197,198,0.7,60,5.0,3.7,54
198,199,0.7,34,5.0,2.8,64
199,200,0.7,328,5.0,1.9,67
200,201,0.7,292,4.9,2.2,54
201,202,0.6,294,4.9,1.5,55
202,203,0.5,290,4.9,1.5,34
203,204,0.0,270,4.7,1.5,36
204,205,0.7,48,5.3,5.3,42
205,206,0.8,36,5.2,5.9,49
206,207,0.7,16,5.2,6.1,47
207,208,0.7,343,5.1,5.6,40
208,209,0.7,308,5.1,4.9,43
209,210,0.6,272,5.1,3.8,71
210,211,0.5,236,5.0,3.3,44
211,212,0.3,215,5.0,3.9,37
212,213,0.2,191,4.8,6.0,43
213,214,0.6,105,4.4,6.8,60
214,215,0.8,35,5.5,5.1,65
215,216,0.8,24,5.4,5.0,66
216,217,0.8,7,5.4,5.1,58
217,218,0.8,346,5.3,4.8,59
218,219,0.7,321,5.2,4.5,66
219,220,0.7,271,5.1,4.0,63
220,221,0.6,241,4.9,4.3,53
221,222,0.5,238,4.9,3.7,32
222,223,0.3,240,4.7,4.3,356
223,224,0.5,186,4.9,5.4,335
224,225,0.7,28,5.7,2.9,76
225,226,0.8,17,5.7,2.3,76
226,227,0.8,4,5.6,3.2,87
227,228,0.8,350,5.6,4.4,77
228,229,0.7,331,5.5,4.3,67
229,230,0.7,300,5.3,4.0,52
230,231,0.7,256,4.9,4.2,38
231,232,0.6,232,4.8,3.1,4
232,233,0.6,212,4.9,3.0,43
233,234,0.7,221,5.2,5.2,355
234,235,0.7,25,5.8,1.8,187
235,236,0.7,14,5.7,0.9,128
236,237,0.7,2,5.8,1.9,86
237,238,0.7,350,5.6,3.6,87
238,239,0.7,334,5.9,3.8,75
239,240,0.7,303,6.2,3.9,56
240,241,0.6,253,5.1,3.4,47
241,242,0.7,229,4.8,2.2,21
242,243,0.7,227,4.8,2.8,36
243,244,0.8,234,5.1,4.0,21
244,245,0.7,24,5.7,1.2,218
245,246,0.7,15,5.7,1.0,277
246,247,0.7,5,5.7,1.1,48
247,248,0.7,349,5.6,4.1,67
248,249,0.6,298,6.1,4.6,69
249,250,0.6,247,6.4,3.9,77
250,251,0.6,228,4.8,3.9,75
251,252,0.7,229,4.6,1.8,54
252,253,0.7,238,4.7,1.5,288
253,254,0.9,246,5.0,3.9,262
254,258,1.0,111,10.0,6.5,212
255,259,1.0,115,10.0,6.4,214
256,260,1.0,115,9.9,6.2,216
257,261,1.0,114,9.9,5.9,218
258,262,1.0,114,9.8,5.7,221
259,263,1.0,114,9.7,5.6,223
260,264,0.9,108,10.0,5.8,204
261,265,0.9,108,9.9,5.7,208
262,266,0.9,107,9.9,5.4,210
263,267,0.9,107,9.8,5.2,211
264,268,0.9,108,9.8,4.9,211
265,269,1.0,109,9.7,4.7,213
266,270,0.9,104,10.0,4.8,196
267,271,0.9,104,9.9,4.7,197
268,272,0.9,105,9.9,4.5,197
269,273,0.9,107,9.8,4.3,199
270,274,1.0,108,9.7,4.2,200
271,275,1.0,110,9.7,4.1,201
272,276,0.9,104,9.9,4.5,182
273,277,0.9,106,9.9,4.4,181
274,278,1.0,107,9.8,4.2,181
275,279,1.0,109,9.7,4.1,181
276,280,1.0,111,9.6,3.9,181
277,281,1.0,112,9.6,3.7,181
278,282,1.0,106,9.9,4.8,166
279,283,1.0,108,9.9,4.6,166
280,284,1.0,110,9.8,4.5,166
281,285,1.0,111,9.7,4.3,166
282,286,1.0,112,9.6,4.2,166
283,287,1.1,113,9.5,4.0,167
284,288,1.0,108,9.9,5.0,153
285,289,1.0,109,9.9,4.6,154
286,290,1.1,111,9.8,4.4,153
287,291,1.1,112,9.6,4.3,153
288,292,1.1,113,9.5,4.0,149
289,293,1.1,113,9.5,3.7,147
290,294,1.1,109,9.9,4.8,144
291,295,1.1,110,9.9,4.4,144
292,296,1.1,111,9.8,4.2,138
293,297,1.2,112,9.6,3.9,136
294,298,1.2,112,9.5,4.0,130
295,299,1.2,113,9.5,4.0,123
296,302,0.0,193,3.9,2.1,251
297,303,0.0,194,4.1,2.8,263
298,304,0.1,145,5.2,2.2,264
299,305,0.1,75,5.7,1.3,203
300,306,0.1,122,7.3,0.7,248
301,307,0.1,76,6.9,1.3,271
302,308,0.1,54,6.4,2.1,272
303,309,0.3,41,6.3,2.1,258
304,310,0.1,62,6.8,0.8,83
305,311,0.2,49,6.5,0.5,359
306,312,0.3,38,6.6,0.9,341
307,313,0.4,16,6.6,1.1,333
308,314,0.2,51,6.7,2.1,70
309,315,0.3,41,6.9,1.7,56
310,316,0.4,36,6.7,1.5,49
311,317,0.4,32,6.6,1.6,46
312,318,0.3,59,7.0,3.2,72
313,319,0.4,47,6.9,2.6,63
314,320,0.4,41,6.7,2.4,49
315,321,0.4,35,6.9,2.5,36
316,322,0.5,89,7.0,3.0,67
317,323,0.5,77,6.8,3.2,54
318,324,0.5,57,6.8,3.6,43
319,325,0.5,39,7.3,3.4,43
320,326,0.6,119,7.4,3.0,54
321,327,0.6,112,7.2,3.5,55
322,328,0.5,81,7.4,3.9,58
323,329,0.6,48,7.6,4.1,62
324,330,0.7,137,6.6,3.9,50
325,331,0.7,132,7.5,3.7,57
326,332,0.6,103,7.7,4.1,60
327,333,0.7,64,7.7,4.6,57
328,334,0.8,136,5.8,4.2,55
329,335,0.8,131,6.7,4.0,56
330,336,0.8,113,7.9,4.3,57
331,337,0.8,83,7.8,4.9,54
332,338,0.9,123,5.7,4.2,52
333,339,0.9,117,6.2,4.0,46
334,340,0.9,102,8.1,4.4,49
335,341,0.9,82,7.5,5.0,48
336,342,1.0,103,5.9,4.5,34
337,343,1.0,95,6.2,4.8,40
338,344,1.0,80,6.1,5.4,40
339,345,1.1,64,5.4,6.2,39
340,346,1.2,76,6.0,5.4,41
341,347,1.2,67,6.0,5.8,40
342,348,1.2,58,5.9,6.5,39
343,349,1.3,49,5.6,7.3,43
344,350,1.3,58,6.2,6.7,41
345,351,1.3,52,6.2,6.8,40
346,352,1.4,46,6.1,7.4,41
347,353,1.4,42,5.9,6.9,42
348,354,1.4,44,6.3,7.6,43
349,355,1.3,31,6.2,7.5,44
350,356,1.1,37,6.3,7.3,43
351,357,1.4,35,6.3,7.0,40
352,358,1.4,31,6.2,7.6,47
353,359,1.2,19,6.2,6.8,51
354,360,1.1,36,6.4,6.0,51
355,361,1.4,28,6.4,5.9,48
356,362,1.5,28,6.4,7.9,43
357,363,1.3,14,6.2,6.8,50
358,365,1.5,20,6.8,8.0,40
359,366,1.3,11,6.7,6.8,42
360,367,1.3,355,7.0,6.0,24
361,368,1.2,313,6.9,5.7,28
362,369,1.1,335,7.0,5.5,29
363,370,1.1,359,7.5,4.4,25
364,371,1.0,263,5.8,3.8,319
365,372,0.7,306,6.8,3.7,300
366,374,1.0,248,5.6,3.6,294
367,375,0.9,258,5.5,5.6,264
368,376,0.7,237,4.5,7.7,255
369,377,0.8,245,4.8,7.9,252
370,378,1.0,254,5.2,6.7,257
371,379,1.1,263,5.6,7.7,257
372,380,1.1,267,5.8,7.8,255
373,381,1.1,268,5.8,7.8,249
374,382,1.0,268,5.7,7.5,242
375,384,0.1,238,2.9,3.6,280
376,385,0.1,237,2.9,4.8,289
377,386,0.4,256,3.3,5.0,282
378,387,0.4,247,3.5,5.6,260
379,388,0.1,136,9.4,2.7,243
380,389,0.7,185,7.7,0.7,219
381,390,1.2,205,6.4,1.1,242
382,391,0.0,207,2.7,5.1,216
383,392,0.1,230,3.0,5.4,234
384,393,0.1,265,2.9,4.7,267
385,394,0.2,275,3.0,4.6,265
386,395,0.2,293,3.7,5.2,290
387,396,0.4,225,5.6,4.4,305
388,397,0.4,216,5.4,4.1,293
389,398,0.8,166,7.4,2.8,204
390,399,1.2,193,6.3,4.6,226
391,400,1.4,207,6.4,6.2,237
392,401,0.8,49,5.5,5.6,54
393,402,0.7,52,5.4,5.4,45
394,403,0.8,41,5.6,6.9,48
395,404,0.8,41,5.6,5.7,47
396,405,0.6,43,5.7,3.0,57
397,406,0.7,38,5.7,1.9,58
398,407,0.7,34,5.7,2.1,186
399,408,0.6,33,5.7,2.3,192
400,409,1.6,221,6.4,7.5,243
401,410,0.1,214,2.9,4.0,270
402,411,0.0,290,5.2,5.1,293
403,412,0.1,252,4.0,3.4,281
404,413,0.1,228,4.5,3.1,220
405,414,0.0,224,4.4,2.3,238
406,415,1.0,194,6.0,1.8,239
407,416,1.2,211,6.2,3.1,263
408,417,1.2,194,6.9,7.0,236
409,418,1.6,218,6.2,8.6,237
410,419,1.7,228,6.3,9.0,240
411,420,1.8,235,6.3,9.3,245
412,421,0.3,178,5.6,2.4,155
413,422,1.0,182,5.6,2.9,252
414,423,1.1,196,6.0,5.9,257
415,424,1.4,214,5.9,7.6,255
416,425,1.5,226,6.2,7.9,254
417,426,1.6,230,6.3,7.9,251
418,427,1.7,235,6.2,8.8,245
419,428,1.7,238,6.2,9.1,243
420,429,1.8,240,6.2,9.3,244
421,430,1.8,244,6.3,9.4,246
422,432,0.7,161,7.8,2.0,197
423,433,0.9,176,8.2,2.5,247
424,434,1.1,174,7.8,4.3,255
425,435,1.2,199,5.5,6.4,258
426,436,1.4,217,5.7,7.5,256
427,437,1.5,230,5.8,7.9,252
428,438,1.6,239,6.2,7.8,247
429,439,1.7,244,6.3,8.2,246
430,440,1.7,248,6.2,8.5,247
431,441,1.7,250,6.2,8.6,249
432,442,1.7,249,6.2,8.5,249
433,443,1.7,251,6.2,8.6,247
434,444,0.8,117,10.1,3.9,222
435,445,1.0,154,10.1,5.6,246
436,446,1.1,186,10.1,6.2,257
437,447,1.3,212,6.1,7.4,261
438,448,1.4,227,5.3,8.1,258
439,449,1.4,235,5.6,7.8,253
440,450,1.5,243,5.8,7.6,249
441,451,1.6,251,6.2,7.8,249
442,452,1.6,256,6.3,7.9,249
443,453,1.6,257,6.2,7.8,249
444,454,1.6,257,6.1,8.1,246
445,455,1.6,257,6.1,8.2,244
446,456,1.6,258,6.1,8.2,243
447,457,0.5,38,5.7,1.3,152
448,458,0.6,27,5.8,2.0,217
449,459,0.6,26,5.8,3.0,234
450,460,0.6,55,6.0,3.5,244
451,461,0.6,186,6.3,3.4,252
452,462,0.6,206,6.1,2.7,260
453,463,0.6,214,4.6,3.6,250
454,464,0.7,227,4.1,5.4,247
455,465,0.8,239,4.3,6.3,246
456,466,0.8,248,4.6,6.8,246
457,467,0.9,256,4.9,7.1,249
458,468,1.0,264,5.2,7.4,249
459,469,1.0,270,5.6,7.4,245
460,470,0.9,272,5.6,7.6,241
461,471,0.9,277,5.7,7.5,237
462,472,0.7,278,5.4,6.8,233
463,474,0.8,118,10.1,5.4,226
464,475,1.0,158,10.1,7.7,247
465,476,1.2,203,10.1,8.4,253
466,477,1.3,233,8.5,8.5,254
467,478,1.4,246,6.5,8.3,251
468,479,1.4,254,6.0,8.0,247
469,480,1.5,262,5.9,7.7,244
470,481,1.5,268,6.2,7.2,241
471,482,1.5,267,6.2,7.2,240
472,483,1.5,264,6.0,7.8,239
473,484,1.4,265,6.6,8.0,238
474,485,1.4,267,6.9,7.8,239
475,486,1.4,271,7.2,7.6,240
476,487,0.3,80,7.5,3.0,188
477,488,0.5,66,6.2,4.6,211
478,489,0.6,117,6.5,5.3,216
479,490,0.6,158,6.9,5.5,222
480,491,0.6,184,7.5,5.7,227
481,492,0.6,199,6.6,5.9,228
482,493,0.6,212,4.5,6.1,228
483,494,0.6,225,3.9,6.3,233
484,495,0.7,238,4.2,6.2,236
485,496,0.7,250,4.5,6.2,238
486,497,0.7,259,4.8,6.5,242
487,498,0.8,268,5.0,6.6,240
488,499,0.8,277,5.2,6.8,237
489,500,0.7,287,5.5,6.7,233
490,501,0.6,295,5.5,6.0,230
491,502,0.5,301,5.5,5.5,230
492,503,0.4,306,6.0,5.0,237
493,504,0.3,152,7.6,4.7,244
494,505,0.7,105,10.0,6.0,242
495,506,0.9,120,10.1,7.4,251
496,507,1.0,130,10.1,7.9,254
497,508,1.1,151,10.1,8.2,253
498,509,1.1,257,10.1,8.2,248
499,510,1.2,294,10.1,7.8,242
500,511,1.2,298,10.0,7.4,237
501,512,1.3,297,9.4,6.8,233
502,513,1.3,290,9.3,6.8,233
503,514,1.3,291,9.9,7.1,237
504,515,1.2,301,9.8,7.2,238
505,516,1.2,314,9.8,7.2,237
506,517,1.2,337,9.7,7.2,236
507,518,1.2,342,9.7,7.2,235
508,519,0.2,161,4.8,4.4,189
509,520,0.4,125,7.9,4.9,195
510,521,0.5,138,8.5,4.9,206
511,522,0.5,147,9.0,5.0,216
512,523,0.5,159,9.0,5.4,219
513,524,0.5,171,9.0,5.6,220
514,525,0.5,179,9.0,5.8,224
515,526,0.5,189,8.9,5.7,229
516,527,0.6,203,8.3,5.6,230
517,528,0.6,216,8.4,5.8,233
518,529,0.6,222,7.8,5.9,235
519,530,0.6,223,7.5,5.6,235
520,531,0.5,108,7.4,4.9,229
521,532,0.5,87,7.7,4.8,232
522,533,0.5,72,7.8,4.8,233
523,534,0.4,56,8.2,4.9,234
524,535,0.4,36,9.5,4.9,240
525,536,0.3,77,9.1,5.3,255
526,537,0.8,96,10.1,5.6,251
527,538,0.8,92,10.1,6.4,252
528,539,0.9,91,10.1,6.8,250
529,540,0.9,86,10.1,6.7,245
530,541,0.9,80,10.1,6.4,242
531,542,1.0,75,10.1,5.8,240
532,543,1.0,69,10.0,5.5,236
533,544,1.0,64,10.0,5.8,235
534,545,1.0,68,10.0,6.2,235
535,546,1.0,83,9.9,6.8,235
536,547,1.0,94,9.8,7.1,233
537,548,1.0,101,9.8,6.9,232
538,549,1.0,103,9.7,6.8,235
539,550,1.0,107,9.7,6.9,238
540,551,0.1,119,8.3,4.5,181
541,552,0.4,139,8.7,4.6,197
542,553,0.5,139,9.2,4.6,208
543,554,0.5,139,9.2,4.6,211
544,555,0.5,138,9.2,4.7,213
545,556,0.5,137,9.2,4.9,215
546,557,0.5,136,9.2,5.2,216
547,558,0.5,133,9.2,5.2,223
548,559,0.5,128,9.3,4.9,222
549,560,0.5,119,9.4,4.7,223
550,561,0.5,111,9.6,4.3,228
551,562,0.5,109,9.7,3.8,234
552,563,0.5,109,9.7,4.0,241
553,564,0.5,107,9.8,4.2,241
554,565,0.5,103,9.9,3.9,242
555,566,0.5,106,9.9,4.0,247
556,567,0.5,116,9.2,3.9,250
557,568,0.7,103,10.0,3.9,245
558,569,0.8,95,10.1,4.5,247
559,570,0.8,95,10.1,4.6,247
560,571,0.8,94,10.1,4.8,249
561,572,0.8,94,10.1,4.5,249
562,573,0.8,92,10.1,4.1,249
563,574,0.8,92,10.1,3.9,242
564,575,0.8,92,10.0,4.2,237
565,576,0.9,93,10.0,5.5,229
566,577,0.9,97,10.0,6.5,227
567,578,0.9,102,9.9,6.6,227
568,579,0.9,104,9.9,6.5,229
569,580,0.9,108,9.8,6.4,233
570,581,1.0,115,9.7,6.5,235
571,582,1.0,122,9.7,6.8,237
572,583,0.9,101,10.0,6.3,225
573,584,0.9,100,9.9,6.1,226
574,585,0.9,102,9.9,6.2,228
575,586,0.9,110,9.8,6.3,230
576,587,1.0,120,9.8,6.6,230
577,588,1.0,126,9.7,6.9,231
578,589,0.9,100,10.0,6.1,223
579,590,0.9,103,10.0,6.2,224
580,591,1.0,113,9.9,6.5,225
581,592,1.0,120,9.8,6.7,226
582,593,1.0,124,9.8,6.8,228
583,594,1.1,127,9.7,6.7,231
584,595,0.9,106,10.0,6.5,217
585,596,1.0,113,10.0,6.7,219
586,597,1.0,119,9.9,6.7,222
587,598,1.0,121,9.9,6.6,224
588,599,1.0,122,9.8,6.5,226
589,600,1.0,122,9.7,6.3,229
590,601,0.0,102,3.6,1.8,216
591,602,0.1,123,3.6,2.9,176
592,603,0.0,76,7.7,3.1,273
593,604,0.0,70,8.1,1.7,151
594,605,0.3,155,7.3,5.1,189
595,606,0.6,146,9.3,5.1,205
596,607,0.5,139,9.3,4.8,207
597,608,0.5,130,9.3,4.8,206
598,609,0.5,123,9.3,4.6,204
599,610,0.5,118,9.3,4.4,208
600,615,0.5,153,9.0,5.9,204
601,616,0.6,143,9.3,5.2,212
602,617,0.5,130,9.3,4.6,209
603,618,0.5,118,9.3,4.4,199
604,619,0.5,111,9.4,4.2,200
605,620,0.5,107,9.4,3.6,203
606,624,0.3,130,8.6,5.4,192
607,625,0.6,131,9.3,5.2,210
608,626,0.6,128,9.3,4.5,218
609,627,0.6,121,9.3,4.4,207
610,628,0.5,112,9.4,4.1,190
611,629,0.5,107,9.4,3.4,190
612,630,0.5,102,9.5,2.9,191
613,633,0.2,143,8.0,4.2,203
614,634,0.5,124,9.3,4.4,214
615,635,0.6,120,9.3,3.9,221
616,636,0.6,119,9.3,3.7,220
617,637,0.6,115,9.3,3.7,202
618,638,0.5,111,9.4,3.2,184
619,639,0.5,106,9.5,2.2,179
620,640,0.5,99,9.7,1.5,173
621,642,0.2,132,9.5,3.1,175
622,643,0.4,120,9.4,3.1,201
623,644,0.6,118,9.4,2.9,217
624,645,0.6,116,9.3,2.8,227
625,646,0.6,114,9.3,3.1,224
626,647,0.6,112,9.4,2.7,199
627,648,0.6,109,9.4,2.2,173
628,649,0.6,106,9.5,1.5,160
629,650,0.5,101,9.6,0.5,160
630,651,0.3,125,8.5,2.2,111
631,652,0.5,125,9.3,1.5,118
632,653,0.6,121,9.3,1.0,154
633,654,0.6,118,9.3,1.9,198
634,655,0.6,114,9.4,2.7,205
635,656,0.6,111,9.4,3.0,199
636,657,0.6,109,9.4,2.7,183
637,658,0.6,108,9.5,2.1,166
638,659,0.6,107,9.5,1.1,133
639,660,0.6,105,9.5,0.4,105
640,661,0.4,113,8.7,2.6,60
641,662,0.6,113,9.3,2.5,39
642,663,0.6,113,9.4,0.8,114
643,664,0.6,114,9.5,2.7,173
644,665,0.6,111,9.6,3.6,175
645,666,0.6,105,9.7,3.2,183
646,667,0.6,105,9.6,2.7,181
647,668,0.6,106,9.5,2.3,155
648,669,0.6,108,9.4,0.9,126
649,670,0.6,109,9.4,0.8,27
650,671,0.5,101,9.5,3.5,31
651,672,0.6,99,9.5,0.8,70
652,673,0.6,102,9.6,1.9,189
653,674,0.6,105,9.7,2.5,185
654,675,0.6,106,9.6,3.6,171
655,676,0.6,102,9.5,2.8,169
656,677,0.6,102,9.4,2.3,177
657,678,0.6,104,9.3,1.7,160
658,679,0.6,107,9.2,1.4,102
659,680,0.6,109,9.1,1.0,40
660,681,0.5,88,9.9,2.7,20
661,682,0.5,89,9.8,2.1,185
662,683,0.5,94,9.6,2.5,200
663,684,0.5,100,9.5,1.8,183
664,685,0.5,101,9.5,3.0,165
665,686,0.5,100,9.4,2.1,165
666,687,0.5,101,9.3,1.6,179
667,688,0.6,101,9.3,1.3,172
668,689,0.6,102,9.3,1.7,122
669,690,0.6,105,9.3,1.6,72
670,691,0.3,75,10.2,1.6,331
671,692,0.3,72,10.3,3.1,220
672,693,0.3,73,10.2,2.1,275
673,694,0.5,91,9.6,1.9,99
674,695,0.5,97,9.6,2.0,158
675,696,0.5,95,9.6,1.4,171
676,697,0.5,94,9.5,1.0,185
677,698,0.6,97,9.5,1.5,168
678,699,0.6,98,9.5,1.9,122
679,700,0.6,96,9.5,2.3,87
680,701,0.4,114,9.3,4.0,211
681,702,0.4,111,9.3,3.9,218
682,703,0.5,108,9.4,3.2,219
683,704,0.5,106,9.5,3.3,225
684,705,0.5,103,9.6,3.4,236
685,706,0.5,102,9.9,3.8,241
686,707,0.5,102,9.9,3.9,241
687,708,0.5,104,9.9,3.1,242
688,709,0.5,103,10.0,2.4,243
689,710,0.6,99,10.1,2.0,242
690,711,0.5,104,9.4,3.0,211
691,712,0.5,102,9.4,2.7,219
692,713,0.5,101,9.5,2.8,223
693,714,0.5,99,9.5,2.9,241
694,715,0.5,97,9.6,2.9,246
695,716,0.5,94,9.8,2.7,246
696,717,0.6,91,10.0,2.1,241
697,718,0.6,91,10.1,1.1,250
698,719,0.7,93,10.1,0.6,292
699,720,0.8,93,10.1,0.8,343
700,721,0.5,98,9.6,2.1,207
701,722,0.5,96,9.6,1.8,230
702,723,0.5,95,9.7,2.5,243
703,724,0.6,94,9.8,2.5,246
704,725,0.6,91,9.9,1.2,254
705,726,0.6,89,10.0,0.6,333
706,727,0.6,85,10.1,1.1,9
707,728,0.6,81,10.2,1.2,28
708,729,0.7,81,10.2,1.0,57
709,730,0.7,88,10.1,0.7,149
710,731,0.5,94,9.9,1.5,216
711,732,0.5,90,10.0,0.8,258
712,733,0.5,89,10.1,1.6,264
713,734,0.5,90,10.1,1.4,289
714,735,0.6,90,10.1,1.1,24
715,736,0.5,88,10.2,1.7,48
716,737,0.5,89,10.1,1.6,71
717,738,0.4,94,10.0,1.3,127
718,739,0.4,96,9.6,1.2,165
719,740,0.7,95,10.0,2.5,178
720,741,0.5,95,9.8,0.4,267
721,742,0.5,89,10.0,0.8,273
722,743,0.5,86,10.1,1.2,309
723,744,0.5,86,10.1,2.1,354
724,745,0.5,91,10.0,2.1,38
725,746,0.5,99,9.8,1.5,92
726,747,0.4,101,9.8,1.5,143
727,748,0.5,104,9.6,2.1,170
728,749,0.8,93,10.1,2.8,174
729,750,0.8,91,10.1,2.9,173
730,751,0.5,103,9.6,0.7,295
731,752,0.5,96,9.8,0.7,287
732,753,0.4,87,10.0,1.6,336
733,754,0.4,84,10.0,2.7,354
734,755,0.4,85,10.0,0.7,50
735,756,0.4,90,9.9,1.9,163
736,757,0.6,98,9.8,2.3,169
737,758,0.8,92,10.0,2.8,173
738,759,0.8,90,10.1,2.8,166
739,760,0.8,89,10.1,2.5,165
740,761,0.6,111,9.4,0.9,339
741,762,0.5,112,9.3,1.0,328
742,763,0.4,109,9.6,2.2,327
743,764,0.3,97,10.1,2.6,333
744,765,0.2,89,10.2,0.6,249
745,766,0.2,74,9.1,1.1,200
746,767,0.6,83,10.1,2.0,176
747,768,0.8,90,10.0,2.6,173
748,769,0.8,89,10.1,2.7,167
749,770,0.8,89,10.1,2.7,163
750,771,0.6,112,8.9,1.1,3
751,772,0.6,115,8.8,1.2,346
752,773,0.5,119,8.7,1.8,320
753,774,0.4,123,8.7,2.2,324
754,775,0.3,131,9.0,1.3,241
755,776,0.4,126,8.7,2.3,208
756,777,0.8,91,10.0,2.9,182
757,778,0.8,90,10.0,2.8,170
758,779,0.8,89,10.0,2.8,164
759,780,0.8,88,10.0,3.1,157
760,781,0.7,107,9.3,1.4,43
761,782,0.7,107,9.3,1.6,12
762,783,0.7,105,9.4,1.7,342
763,784,0.7,101,9.5,1.4,328
764,785,0.8,96,9.8,0.9,219
765,786,0.8,91,10.0,2.4,184
766,787,0.8,90,10.0,3.1,167
767,788,0.8,90,10.0,3.0,161
768,789,0.8,89,10.0,2.8,152
769,790,0.8,89,10.0,2.8,147
770,791,0.7,96,9.5,2.2,59
771,792,0.8,98,9.6,2.1,31
772,793,0.8,95,9.7,1.8,36
773,794,0.8,92,9.9,1.3,90
774,795,0.8,91,9.9,2.0,158
775,796,0.8,90,10.0,2.5,152
776,797,0.8,91,10.0,2.5,146
777,798,0.8,90,10.0,2.6,145
778,799,0.8,90,10.0,2.6,142
779,800,0.8,90,9.9,2.5,138
780,801,0.8,95,10.1,2.0,253
781,802,0.8,94,10.1,2.3,260
782,803,0.8,94,10.1,2.5,263
783,804,0.8,94,10.1,2.7,263
784,805,0.8,94,10.1,2.7,261
785,806,0.8,94,10.1,2.7,255
786,807,0.8,94,10.1,2.9,247
787,808,0.8,95,10.1,2.9,235
788,809,0.8,100,10.0,4.6,223
789,810,0.9,103,10.0,6.2,223
790,811,0.8,93,10.1,0.6,324
791,812,0.8,93,10.1,0.7,263
792,813,0.8,93,10.1,1.4,255
793,814,0.8,93,10.1,2.2,243
794,815,0.8,93,10.1,2.6,239
795,816,0.8,94,10.1,2.5,239
796,817,0.8,96,10.1,2.2,237
797,818,0.9,101,10.1,3.6,230
798,819,0.9,108,10.0,5.8,227
799,820,0.9,103,10.0,6.2,226
800,821,0.8,92,10.1,1.5,191
801,822,0.8,93,10.1,1.8,215
802,823,0.8,92,10.1,2.3,219
803,824,0.8,92,10.1,2.2,221
804,825,0.8,93,10.1,1.9,225
805,826,0.8,94,10.1,2.2,231
806,827,0.8,96,10.1,3.6,230
807,828,0.9,104,10.1,5.4,227
808,829,0.9,109,10.1,6.1,221
809,830,0.9,104,10.0,6.3,217
810,831,0.8,92,10.1,2.5,188
811,832,0.8,92,10.1,2.3,193
812,833,0.8,91,10.1,1.8,197
813,834,0.8,91,10.1,1.6,212
814,835,0.8,92,10.1,2.4,218
815,836,0.8,93,10.1,3.7,219
816,837,0.8,95,10.1,5.0,215
817,838,0.9,99,10.1,5.6,211
818,839,0.9,99,10.1,5.9,208
819,840,0.9,103,10.0,6.3,209
820,841,0.8,91,10.0,2.6,170
821,842,0.8,91,10.0,2.2,171
822,843,0.8,91,10.0,2.1,181
823,844,0.8,91,10.1,2.6,192
824,845,0.8,91,10.1,3.7,200
825,846,0.8,91,10.1,4.5,201
826,847,0.8,92,10.1,4.9,198
827,848,0.8,93,10.0,5.4,198
828,849,0.9,99,10.0,5.9,201
829,850,0.9,105,10.0,6.0,203
830,851,0.8,89,10.1,2.2,163
831,852,0.8,90,10.0,2.2,163
832,853,0.8,90,10.0,2.7,172
833,854,0.8,90,10.0,3.6,182
834,855,0.8,90,10.0,4.3,187
835,856,0.8,90,10.0,4.3,184
836,857,0.8,91,10.0,4.5,188
837,858,0.8,94,10.0,4.8,193
838,859,0.9,99,10.0,4.9,196
839,860,0.9,102,10.0,5.0,196
840,861,0.8,88,10.1,2.8,166
841,862,0.8,88,10.0,3.1,169
842,863,0.8,89,10.0,3.4,173
843,864,0.8,89,10.0,3.5,176
844,865,0.8,89,10.0,3.3,175
845,866,0.8,89,10.0,3.3,177
846,867,0.8,91,10.0,3.9,182
847,868,0.9,95,10.0,4.4,185
848,869,0.9,99,10.0,4.7,182
849,870,0.9,102,10.0,4.6,182
850,871,0.8,87,10.0,3.3,157
851,872,0.8,86,10.1,3.1,162
852,873,0.8,87,10.0,3.1,169
853,874,0.8,88,10.0,2.9,162
854,875,0.8,88,10.0,3.0,161
855,876,0.8,89,10.0,3.8,166
856,877,0.9,93,10.0,4.4,172
857,878,0.9,97,10.0,4.9,170
858,879,0.9,101,10.0,5.1,170
859,880,1.0,103,10.0,4.9,169
860,881,0.8,90,10.0,2.8,147
861,882,0.7,91,9.9,2.5,150
862,883,0.7,89,10.0,2.4,146
863,884,0.8,88,10.0,2.5,139
864,885,0.8,88,10.0,3.1,148
865,886,0.8,90,10.0,4.1,156
866,887,0.9,95,10.0,5.0,160
867,888,0.9,99,10.0,5.2,161
868,889,1.0,102,10.0,5.2,161
869,890,1.0,105,9.9,5.0,159
870,891,0.8,90,10.0,2.6,136
871,892,0.8,88,10.0,2.6,131
872,893,0.8,88,10.0,2.6,129
873,894,0.8,88,10.0,2.8,130
874,895,0.8,88,10.0,3.5,140
875,896,0.9,91,10.0,4.4,147
876,897,0.9,95,10.0,5.0,149
877,898,1.0,100,10.0,5.1,154
878,899,1.0,104,10.0,4.9,152
879,900,1.1,107,9.9,4.8,149
880,901,1.4,20,6.4,6.0,43
881,902,1.4,13,6.3,5.8,33
882,903,1.3,8,6.3,6.9,24
883,904,1.2,353,6.2,5.7,13
884,905,1.5,28,6.2,6.9,40
885,906,1.5,22,6.1,7.4,36
886,907,1.5,17,5.9,8.2,31
887,908,1.5,9,5.8,9.3,30
888,909,1.2,358,5.7,8.0,39
889,910,1.4,39,5.7,7.5,46
890,911,1.4,34,5.7,7.8,45
891,912,1.4,29,5.7,8.5,40
892,913,1.4,23,5.6,8.9,37
893,914,1.2,9,5.4,7.9,42
894,915,0.6,348,5.4,5.6,58
895,916,1.3,43,5.3,7.0,47
896,917,1.3,39,5.3,7.5,46
897,918,1.3,35,5.3,8.0,39
898,919,1.4,31,5.2,8.6,36
899,920,1.3,25,5.1,8.9,36
900,921,0.8,8,5.0,7.0,40
901,922,0.6,32,4.1,6.3,44
902,923,0.6,359,7.0,4.6,50
903,924,1.1,52,5.0,6.6,44
904,925,1.2,44,5.0,7.2,44
905,926,1.2,38,5.0,7.7,40
906,927,1.2,32,4.9,8.0,38
907,928,1.2,30,4.8,8.1,40
908,929,1.1,28,4.8,8.3,42
909,930,1.0,21,4.8,7.6,43
910,931,0.8,6,6.0,5.9,37
911,932,0.9,61,6.9,5.7,45
912,933,1.0,49,5.8,6.3,44
913,934,1.0,42,5.1,6.7,41
914,935,1.0,36,5.8,7.0,39
915,936,1.1,31,5.6,7.3,36
916,937,1.0,28,4.6,7.3,34
917,938,1.0,26,4.6,7.4,33
918,939,1.0,23,4.7,7.2,35
919,940,0.8,59,7.6,5.3,52
920,941,0.8,46,7.5,5.7,51
921,942,0.8,40,7.6,6.1,48
922,943,0.8,34,7.7,6.6,43
923,944,0.9,30,7.7,6.6,40
924,945,0.9,28,7.1,6.7,38
925,946,0.9,28,5.4,6.8,33
926,947,0.9,33,4.5,6.8,29
927,948,0.7,50,7.6,4.8,52
928,949,0.7,45,7.5,5.4,48
929,950,0.7,40,7.5,6.2,46
930,951,0.8,33,7.6,6.5,42
931,952,0.8,27,7.6,6.7,34
932,953,0.8,24,7.6,7.1,35
933,954,0.8,21,7.6,6.9,32
934,955,0.8,26,7.2,6.4,34
935,956,0.6,35,7.6,4.1,49
936,957,0.6,34,7.5,5.0,41
937,958,0.6,37,7.5,5.8,34
938,959,0.7,34,7.4,6.2,29
939,960,0.7,28,7.5,6.4,27
940,961,0.7,23,7.5,6.3,28
941,962,0.8,18,7.5,6.6,26
942,963,0.7,16,7.1,6.5,31
943,964,0.5,31,7.5,3.3,43
944,965,0.5,28,7.4,3.6,36
945,966,0.5,26,7.3,4.0,29
946,967,0.5,23,7.1,4.5,20
947,968,0.5,21,7.1,5.0,17
948,969,0.6,18,7.3,5.4,23
949,970,0.6,15,7.2,5.9,26
950,971,0.6,11,7.0,5.8,24
951,972,0.5,31,7.2,2.7,27
952,973,0.5,29,7.2,2.9,27
953,974,0.5,27,7.1,3.2,27
954,975,0.5,24,6.9,3.5,22
955,976,0.5,21,6.9,3.8,17
956,977,0.5,18,7.0,4.2,20
957,978,0.6,15,7.0,4.5,26
958,979,0.5,11,6.9,4.9,28
959,980,0.4,32,6.8,1.9,37
960,981,0.5,30,7.0,2.3,29
961,982,0.5,28,6.9,2.8,20
962,983,0.5,26,6.9,3.2,20
963,984,0.5,23,6.8,3.2,19
964,985,0.5,20,6.8,3.3,16
965,986,0.5,17,6.9,3.8,18
966,987,0.5,13,6.9,4.2,21
967,988,0.4,31,6.5,1.2,341
968,989,0.4,32,6.7,1.5,354
969,990,0.5,30,6.9,1.9,6
970,991,0.5,28,6.8,2.2,8
971,992,0.5,26,6.6,2.5,9
972,993,0.5,22,6.6,2.7,12
973,994,0.5,18,6.9,2.8,18
974,995,0.5,15,6.9,2.9,15
975,996,0.3,39,6.3,2.0,266
976,997,0.4,36,6.3,1.9,274
977,998,0.4,33,6.6,1.4,314
978,999,0.5,30,6.7,1.0,0
979,1000,0.5,28,6.5,1.2,347
980,1001,0.5,24,6.4,1.6,354
981,1002,0.5,20,6.6,1.9,1
982,1003,0.5,17,6.8,2.6,12
983,1004,0.2,50,6.0,1.1,231
984,1005,0.3,41,6.0,1.6,262
985,1006,0.4,37,6.1,2.2,250
986,1007,0.4,32,6.6,1.4,264
987,1008,0.5,30,6.6,1.2,262
988,1009,0.5,27,6.4,1.0,280
989,1010,0.5,23,6.5,1.4,329
990,1011,0.5,19,6.8,2.0,353
991,1237,0.5,15,6.9,2.4,1
992,1238,0.5,10,6.8,2.7,11
993,1239,0.5,4,6.7,3.2,15
994,1240,0.5,358,6.7,3.4,13
995,1247,0.5,12,6.7,2.9,8
996,1248,0.5,6,6.4,3.5,7
997,1249,0.5,357,6.5,3.8,13
998,1250,0.3,337,6.2,2.3,331
999,1261,0.5,10,6.6,3.5,20
1000,1262,0.5,3,6.5,3.8,6
1001,1263,0.4,348,6.7,3.8,13
1002,1264,0.3,313,5.4,2.2,336
1003,1275,0.5,8,6.7,4.5,20
1004,1276,0.5,1,6.8,4.5,19
1005,1277,0.4,343,6.9,4.3,18
1006,1278,0.3,309,5.0,2.7,25
1007,1289,0.5,6,6.8,5.4,26
1008,1290,0.5,0,6.9,5.9,23
1009,1291,0.4,342,6.8,5.6,29
1010,1292,0.3,311,4.5,5.1,31
1011,1303,0.6,8,6.9,6.2,28
1012,1304,0.5,359,6.9,6.1,33
1013,1305,0.4,340,6.4,5.2,39
1014,1306,0.3,313,4.5,2.7,17
1015,1314,0.6,10,7.0,6.2,38
1016,1315,0.5,1,7.2,5.5,43
1017,1316,0.4,340,6.0,5.0,37
1018,1317,0.3,305,4.5,3.9,18
1019,1325,0.8,34,7.3,6.1,37
1020,1326,0.7,35,7.0,5.7,38
1021,1327,0.5,20,4.6,5.6,38
1022,1328,0.3,320,4.7,3.5,22
1023,1336,0.9,36,4.9,6.5,38
1024,1337,0.7,35,4.8,5.9,50
1025,1338,0.5,22,4.2,3.8,49
1026,1339,0.3,342,4.6,3.3,55
1027,1347,0.8,20,5.9,6.4,42
1028,1348,0.5,10,6.2,3.6,45
1029,1349,0.4,348,5.0,2.1,56
1030,1358,0.4,343,6.0,3.4,39
1031,1359,0.3,0,7.3,2.9,34
1032,1368,0.4,340,5.4,3.1,39
1033,1420,1.1,195,7.3,6.5,31
1034,1421,1.1,176,8.3,4.2,24
1035,1432,1.7,230,6.5,8.0,253
1036,1433,1.7,238,6.5,7.6,261
1037,1434,1.6,239,6.7,4.3,278
1038,1435,1.6,231,6.6,4.0,287
1039,1446,1.9,241,6.4,9.6,250
1040,1447,1.9,246,6.5,9.5,253
1041,1448,2.0,250,6.6,10.0,253
1042,1449,2.0,251,6.7,10.4,253
1043,1460,1.9,248,6.3,9.6,249
1044,1461,1.9,251,6.4,10.0,249
1045,1462,2.0,256,6.5,10.3,250
1046,1463,1.9,258,6.7,10.4,251
1047,1474,1.7,254,6.3,8.8,246
1048,1475,1.8,258,6.4,9.0,248
1049,1476,1.8,261,6.5,9.3,249
1050,1477,1.9,264,6.5,9.8,249
1051,1488,1.6,261,6.2,8.4,243
1052,1489,1.6,266,6.3,8.5,245
1053,1490,1.7,269,6.3,8.8,245
1054,1491,1.7,272,6.4,8.9,245
1055,1502,1.4,274,7.2,7.7,240
1056,1503,1.4,279,7.2,7.7,242
1057,1504,1.5,286,7.5,7.7,244
1058,1505,1.5,291,7.9,7.8,245
1059,1516,1.2,352,9.6,7.1,237
1060,1517,1.2,357,9.6,7.2,240
1061,1518,1.3,359,9.5,7.3,243
1062,1519,1.3,25,9.5,7.4,245
1063,1530,1.1,116,9.6,7.1,241
1064,1531,1.1,121,9.6,7.4,243
1065,1532,1.1,131,9.6,7.7,243
1066,1533,1.2,143,9.5,8.0,243
1067,1544,1.1,130,9.6,7.2,237
1068,1545,1.1,138,9.6,7.6,236
1069,1546,1.1,147,9.6,7.9,235
1070,1547,1.2,155,9.6,8.1,236
1071,1558,1.1,131,9.7,7.1,232
1072,1559,1.1,136,9.6,7.2,235
1073,1560,1.1,142,9.6,7.5,236
1074,1561,1.1,147,9.6,7.6,237
1075,1572,1.1,129,9.7,6.8,234
1076,1573,1.1,131,9.7,6.8,235
1077,1574,1.1,131,9.6,6.7,236
1078,1575,1.1,129,9.6,6.7,238
1079,1586,1.0,122,9.7,6.2,233
1080,1587,1.0,122,9.7,6.0,234
1081,1588,1.0,121,9.7,5.9,233
1082,1589,1.0,118,9.6,5.9,230
1083,1600,1.0,114,9.7,5.5,224
1084,1601,1.0,115,9.7,5.4,225
1085,1602,1.0,114,9.7,5.1,224
1086,1603,1.0,111,9.7,4.8,223
1087,1614,1.0,110,9.7,4.7,215
1088,1615,1.0,110,9.6,4.4,214
1089,1616,1.0,112,9.6,4.2,214
1090,1617,1.0,113,9.6,3.7,217
1091,1628,1.0,111,9.6,3.9,199
1092,1629,1.0,112,9.6,3.6,199
1093,1630,1.0,113,9.5,3.1,203
1094,1631,1.0,115,9.5,2.7,205
1095,1642,1.0,113,9.5,3.6,180
1096,1643,1.0,114,9.5,3.2,184
1097,1644,1.0,114,9.5,2.8,187
1098,1645,1.0,116,9.4,2.5,182
1099,1656,1.1,114,9.5,3.6,167
1100,1657,1.1,115,9.5,3.2,169
1101,1658,1.1,115,9.5,2.9,162
1102,1659,1.1,115,9.4,2.9,151
1103,1670,1.1,114,9.5,3.4,145
1104,1671,1.1,114,9.5,3.3,134
1105,1672,1.1,115,9.5,3.2,126
1106,1673,1.1,114,9.5,3.2,113
1107,1684,1.2,113,9.4,3.9,120
1108,1685,1.2,113,9.4,3.6,114
1109,1686,1.2,114,9.4,3.3,109
1110,1687,1.2,114,9.4,3.0,107
1111,5021,-999.0,-999,-999.0,-999.0,-999
1112,5022,0.5,136,6.2,0.9,78
1113,5029,-999.0,-999,-999.0,-999.0,-999
1114,5038,0.1,102,6.3,2.4,60
1115,5047,-999.0,-999,-999.0,-999.0,-999
1116,5055,-999.0,-999,-999.0,-999.0,-999
1117,5087,1.1,66,6.9,6.4,31
1118,5097,-999.0,-999,-999.0,-999.0,-999
1119,5098,-999.0,-999,-999.0,-999.0,-999
1120,5099,0.2,98,5.2,5.4,33
1121,5118,0.1,187,5.6,4.8,123
1122,5124,0.1,206,6.1,3.5,131
1123,5130,0.0,233,6.4,3.9,124
1124,5131,-999.0,-999,-999.0,-999.0,-999
1125,5137,0.1,209,5.8,5.8,111
1126,5138,0.0,172,4.4,3.3,100
1127,5146,0.2,221,4.8,5.7,83
1128,5147,0.0,238,4.7,4.4,81
1129,5154,0.0,226,3.4,5.5,100
1130,5164,-999.0,-999,-999.0,-999.0,-999
1131,5174,0.1,242,5.1,3.2,142
1132,5184,0.1,266,4.1,2.6,167
1133,5213,0.0,-999,2.6,2.3,98
1134,5214,0.1,97,3.0,6.3,60
1135,6003,-999.0,-999,-999.0,-999.0,-999
1136,6005,0.0,150,2.9,5.1,232
1137,6058,-999.0,-999,-999.0,-999.0,-999
1138,6062,-999.0,-999,-999.0,-999.0,-999
1139,6066,-999.0,-999,-999.0,-999.0,-999
1140,6076,-999.0,-999,-999.0,-999.0,-999
1141,6077,-999.0,-999,-999.0,-999.0,-999
1142,6116,0.1,160,6.0,4.6,120
1143,6119,0.2,154,5.8,2.2,113
1144,6137,-999.0,-999,-999.0,-999.0,-999
1145,6138,-999.0,-999,-999.0,-999.0,-999
1146,6139,-999.0,-999,-999.0,-999.0,-999
1147,6154,0.1,114,5.6,0.7,349
1148,6155,0.3,141,5.6,1.3,0
1149,6454,-999.0,-999,-999.0,-999.0,-999
1150,6455,-999.0,-999,-999.0,-999.0,-999
1151,6456,0.0,122,9.1,0.7,178
1152,6457,0.2,82,7.1,1.7,136
1153,6486,-999.0,-999,-999.0,-999.0,-999
1154,6487,0.1,91,8.9,2.0,124
1155,6601,-999.0,-999,-999.0,-999.0,-999
1156,6602,-999.0,-999,-999.0,-999.0,-999
1157,6603,0.0,77,4.6,3.5,274
1158,6604,-999.0,-999,-999.0,-999.0,-999
1159,6605,0.0,130,6.3,2.7,164
1160,6614,-999.0,-999,-999.0,-999.0,-999
1161,6615,0.2,165,4.1,4.4,183
1162,6624,-999.0,-999,-999.0,-999.0,-999
1163,6642,-999.0,-999,-999.0,-999.0,-999
1164,6660,0.0,113,4.5,0.9,20
1165,6670,0.3,100,7.6,2.8,47
1166,6680,0.0,185,4.4,1.6,117
1167,6681,0.3,80,9.6,3.8,26
1168,6690,0.1,137,5.2,0.8,126
1169,6691,0.2,90,8.2,4.0,0
1170,6901,0.0,178,2.7,4.7,191
1171,6902,0.0,188,2.7,3.7,185
1172,6903,0.0,205,2.7,2.7,190
1173,6904,0.0,208,2.7,3.0,191
1174,6905,0.0,158,2.7,4.8,227
1175,6906,0.0,170,3.0,4.1,196
1176,6907,0.0,205,4.6,2.7,182
1177,6908,0.0,214,3.4,1.8,223
1178,6909,0.0,-999,2.7,1.0,260
1179,6910,0.1,124,5.3,3.1,264
1180,6911,0.1,134,4.7,3.9,263
1181,6912,0.0,145,4.6,3.8,254
1182,6913,0.0,161,5.7,2.3,199
1183,6914,0.0,205,7.2,1.0,187
1184,6915,0.0,-999,2.7,2.0,221
1185,6918,0.2,111,5.3,2.4,283
1186,6919,0.1,117,5.2,3.2,296
1187,6920,0.1,127,5.2,2.3,260
1188,6921,0.0,143,6.1,1.2,208
1189,6922,0.0,173,6.5,0.2,208
1190,6923,0.0,151,3.7,1.6,195
1191,6928,0.2,98,5.2,2.6,295
1192,6929,0.2,99,5.1,2.3,289
1193,6930,0.2,102,4.8,1.6,261
1194,6931,0.1,109,4.5,0.7,280
1195,6932,0.2,111,4.4,0.5,219
1196,6933,0.2,123,4.7,2.0,137
1197,6937,0.2,86,5.1,1.5,281
1198,6938,0.2,85,4.9,0.9,254
1199,6939,0.2,82,4.6,1.0,268
1200,6940,0.2,83,4.3,1.0,319
1201,6941,0.2,86,4.0,1.4,320
1202,6943,0.1,72,5.1,0.3,287
1203,6944,0.1,69,4.8,0.4,261
1204,6945,0.1,61,4.5,1.1,302
1205,6946,0.2,75,4.3,1.7,341
1206,6947,0.2,70,4.0,2.2,333
1207,6948,0.1,51,4.3,1.3,237
1208,6949,0.0,36,3.7,1.0,265
1209,6950,-999.0,-999,-999.0,-999.0,-999
1210,6951,0.1,135,5.0,1.0,8
1211,6952,0.3,126,5.3,1.8,33
1212,6953,0.4,129,5.4,2.2,24
1213,6954,-999.0,-999,-999.0,-999.0,-999
1214,6955,0.4,109,5.3,2.1,26
1215,6956,0.4,108,5.2,2.5,54
1216,6957,0.5,106,5.2,2.9,34
1217,6958,-999.0,-999,-999.0,-999.0,-999
1218,6959,0.5,84,5.4,2.5,30
1219,6960,0.5,81,5.3,2.6,49
1220,6961,0.6,82,5.2,3.0,41
1221,6962,-999.0,-999,-999.0,-999.0,-999
1222,6963,0.5,65,5.6,4.3,70
1223,6964,0.6,65,5.5,3.7,62
1224,6965,0.6,65,5.4,3.8,53
1225,6966,0.6,56,5.5,5.1,69
1226,6967,0.7,51,5.6,4.8,62
1227,6968,0.7,48,5.6,4.8,57
1228,6969,-999.0,-999,-999.0,-999.0,-999
1229,6970,0.7,42,4.2,6.0,52
1230,6971,0.7,38,4.9,6.6,49
1231,6972,0.5,30,4.2,6.5,44
1232,6973,0.5,37,5.4,4.6,52
1233,6974,0.1,46,5.7,3.1,348
1234,6975,0.2,46,5.7,3.9,291
1235,6976,0.5,42,5.7,3.0,246
1236,6977,0.2,45,5.7,4.5,234
1237,6978,0.4,42,5.7,3.4,203
1238,7349,-999.0,-999,-999.0,-999.0,-999
1239,7359,0.4,355,5.6,1.9,33
1240,7360,-999.0,-999,-999.0,-999.0,-999
1241,7361,-999.0,-999,-999.0,-999.0,-999
1242,7363,1.0,351,6.1,5.3,59
1243,7366,1.0,1,6.4,5.0,50
1244,7367,0.6,351,6.1,2.9,17
1245,7368,0.3,341,7.8,2.1,11
1246,7370,1.0,352,7.3,3.3,7
1247,7372,0.4,261,5.1,4.9,264
1248,7373,0.0,173,2.7,3.7,222
1249,7377,0.3,240,4.0,5.8,237
1250,7378,0.0,242,3.0,5.4,231
1251,7382,0.3,253,4.0,6.0,237
1252,7383,0.0,241,2.7,4.7,248
1253,7388,0.0,182,11.5,3.6,235
1254,7413,-999.0,-999,-999.0,-999.0,-999
1255,7414,0.7,187,5.5,0.7,266
1256,7415,0.8,166,7.1,3.2,212
1257,7420,0.1,138,9.6,1.3,73
1258,7421,0.0,212,5.0,0.9,235
1259,7422,0.8,155,9.4,2.4,216
1260,7426,1.2,204,6.3,5.7,263
1261,7432,0.7,135,10.0,0.7,162
1262,7432,1.1,209,6.6,2.4,251
1263,7433,1.2,219,6.5,0.7,197
1264,7434,0.6,206,6.6,3.2,68
1265,7435,0.5,152,11.7,6.9,23
1266,7436,0.3,195,6.6,4.9,22
1267,7437,0.0,198,4.5,4.5,5
1268,7472,0.4,270,4.7,5.9,233
1269,7473,0.0,175,4.6,3.0,242
1270,7474,0.7,100,10.1,6.1,223
1271,7904,0.6,309,6.4,1.5,270
1272,7922,0.6,22,4.2,5.7,44
1273,7923,-999.0,-999,-999.0,-999.0,-999
1274,8101,0.1,83,5.2,1.6,192
1275,8102,0.2,53,5.5,0.9,183
1276,8103,0.3,42,5.7,1.5,227
1277,8104,0.4,37,6.4,2.9,225
1278,8105,0.4,32,6.8,2.6,239
1279,8106,0.5,30,6.8,2.1,233
1280,8107,0.5,26,6.9,1.4,249
1281,8108,0.5,22,6.8,1.1,302
1282,8109,0.5,19,6.7,1.5,345
1283,8110,0.5,14,6.5,1.9,9
1284,8111,0.5,9,6.4,2.4,21
1285,8112,0.5,3,6.4,2.8,17
1286,8113,0.2,48,6.3,1.9,189
1287,8114,0.3,43,7.5,2.5,201
1288,8115,0.4,37,7.0,3.5,223
1289,8116,0.5,33,6.8,3.3,228
1290,8117,0.5,30,6.6,2.8,227
1291,8118,0.5,26,6.4,2.0,243
1292,8119,0.5,22,6.3,1.1,271
1293,8120,0.5,18,6.2,0.8,344
1294,8121,0.5,12,6.2,1.2,29
1295,8122,0.5,4,6.2,1.9,29
1296,8123,0.2,54,7.1,4.0,186
1297,8124,0.3,46,6.7,3.7,203
1298,8125,0.4,38,6.4,3.8,224
1299,8126,0.5,33,6.2,3.9,231
1300,8127,0.5,29,6.1,4.0,231
1301,8128,0.5,24,6.0,2.7,236
1302,8129,0.5,19,6.0,1.1,248
1303,8130,0.5,13,5.8,0.7,306
1304,8131,0.5,4,6.0,0.5,12
1305,8132,0.2,54,6.3,4.8,190
1306,8133,0.3,47,6.0,5.0,204
1307,8134,0.4,38,5.8,5.2,221
1308,8135,0.4,32,5.7,5.3,230
1309,8136,0.4,27,5.7,4.5,229
1310,8137,0.4,22,5.7,3.0,229
1311,8138,0.4,14,5.7,2.1,252
1312,8139,0.5,4,5.7,1.5,271
1313,8140,0.2,70,5.6,5.4,196
1314,8141,0.3,52,5.4,5.3,206
1315,8142,0.4,38,5.4,5.5,216
1316,8143,0.4,30,5.4,5.5,222
1317,8144,0.4,24,5.5,4.9,226
1318,8145,0.4,16,5.3,3.7,225
1319,8146,0.4,5,5.2,2.7,242
1320,8147,0.2,74,4.9,4.4,194
1321,8148,0.3,57,4.9,5.1,205
1322,8149,0.4,168,4.9,5.9,213
1323,8150,0.5,299,4.6,5.8,219
1324,8151,0.4,359,5.1,5.5,221
1325,8152,0.4,4,5.1,4.8,225
1326,8300,-999.0,-999,-999.0,-999.0,-999
1327,8301,0.0,190,3.9,1.3,164
1328,8302,0.0,194,3.9,1.1,208
1329,8303,0.0,166,7.8,1.5,197
1330,8304,0.0,178,7.1,2.2,227
